_id,customer_id,store_id,first_name,last_name,email,address,create_date,active
60c5fd1120a4480539dae779,0,0,shivansh,Singh,shivansh@gmail.com,10.0,01-06-2021,
60c6050f0eb07c46f4e7b929,1,1,MARY,SMITH,MARY.SMITH@sakilacustomer.org,,,1
60c6050f0eb07c46f4e7b92a,2,1,PATRICIA,JOHNSON,PATRICIA.JOHNSON@sakilacustomer.org,,,1
60c6050f0eb07c46f4e7b92c,4,2,BARBARA,JONES,BARBARA.JONES@sakilacustomer.org,,,1
60c6050f0eb07c46f4e7b92f,7,1,MARIA,MILLER,MARIA.MILLER@sakilacustomer.org,,,1
60c6050f0eb07c46f4e7b930,8,2,SUSAN,WILSON,SUSAN.WILSON@sakilacustomer.org,,,1
60c6050f0eb07c46f4e7b931,9,2,MARGARET,MOORE,MARGARET.MOORE@sakilacustomer.org,,,1
60c6050f0eb07c46f4e7b932,10,1,DOROTHY,TAYLOR,DOROTHY.TAYLOR@sakilacustomer.org,,,1
60c6050f0eb07c46f4e7b933,11,2,LISA,ANDERSON,LISA.ANDERSON@sakilacustomer.org,,,1
60c6050f0eb07c46f4e7b934,12,1,NANCY,THOMAS,NANCY.THOMAS@sakilacustomer.org,,,1
60c6050f0eb07c46f4e7b935,13,2,KAREN,JACKSON,KAREN.JACKSON@sakilacustomer.org,,,1
60c6050f0eb07c46f4e7b936,14,2,BETTY,WHITE,BETTY.WHITE@sakilacustomer.org,,,1
60c6050f0eb07c46f4e7b937,15,1,HELEN,HARRIS,HELEN.HARRIS@sakilacustomer.org,,,1
60c6050f0eb07c46f4e7b938,16,2,SANDRA,MARTIN,SANDRA.MARTIN@sakilacustomer.org,,,0
60c6050f0eb07c46f4e7b939,17,1,DONNA,THOMPSON,DONNA.THOMPSON@sakilacustomer.org,,,1
60c6050f0eb07c46f4e7b93a,18,2,CAROL,GARCIA,CAROL.GARCIA@sakilacustomer.org,,,1
60c6050f0eb07c46f4e7b93b,19,1,RUTH,MARTINEZ,RUTH.MARTINEZ@sakilacustomer.org,,,1
60c6050f0eb07c46f4e7b93c,20,2,SHARON,ROBINSON,SHARON.ROBINSON@sakilacustomer.org,,,1
60c6050f0eb07c46f4e7b93d,21,1,MICHELLE,CLARK,MICHELLE.CLARK@sakilacustomer.org,,,1
60c6050f0eb07c46f4e7b93e,22,1,LAURA,RODRIGUEZ,LAURA.RODRIGUEZ@sakilacustomer.org,,,1
60c6050f0eb07c46f4e7b93f,23,2,SARAH,LEWIS,SARAH.LEWIS@sakilacustomer.org,,,1
60c6050f0eb07c46f4e7b940,24,2,KIMBERLY,LEE,KIMBERLY.LEE@sakilacustomer.org,,,1
60c6050f0eb07c46f4e7b941,25,1,DEBORAH,WALKER,DEBORAH.WALKER@sakilacustomer.org,,,1
60c6050f0eb07c46f4e7b942,26,2,JESSICA,HALL,JESSICA.HALL@sakilacustomer.org,,,1
60c6050f0eb07c46f4e7b943,27,2,SHIRLEY,ALLEN,SHIRLEY.ALLEN@sakilacustomer.org,,,1
60c6050f0eb07c46f4e7b944,28,1,CYNTHIA,YOUNG,CYNTHIA.YOUNG@sakilacustomer.org,,,1
60c6050f0eb07c46f4e7b945,29,2,ANGELA,HERNANDEZ,ANGELA.HERNANDEZ@sakilacustomer.org,,,1
60c6050f0eb07c46f4e7b946,30,1,MELISSA,KING,MELISSA.KING@sakilacustomer.org,,,1
60c6050f0eb07c46f4e7b947,31,2,BRENDA,WRIGHT,BRENDA.WRIGHT@sakilacustomer.org,,,1
60c6050f0eb07c46f4e7b948,32,1,AMY,LOPEZ,AMY.LOPEZ@sakilacustomer.org,,,1
60c6050f0eb07c46f4e7b949,33,2,ANNA,HILL,ANNA.HILL@sakilacustomer.org,,,1
60c6050f0eb07c46f4e7b94a,34,2,REBECCA,SCOTT,REBECCA.SCOTT@sakilacustomer.org,,,1
60c6050f0eb07c46f4e7b94b,35,2,VIRGINIA,GREEN,VIRGINIA.GREEN@sakilacustomer.org,,,1
60c6050f0eb07c46f4e7b94c,36,2,KATHLEEN,ADAMS,KATHLEEN.ADAMS@sakilacustomer.org,,,1
60c6050f0eb07c46f4e7b94d,37,1,PAMELA,BAKER,PAMELA.BAKER@sakilacustomer.org,,,1
60c6050f0eb07c46f4e7b94e,38,1,MARTHA,GONZALEZ,MARTHA.GONZALEZ@sakilacustomer.org,,,1
60c6050f0eb07c46f4e7b94f,39,1,DEBRA,NELSON,DEBRA.NELSON@sakilacustomer.org,,,1
60c6050f0eb07c46f4e7b950,40,2,AMANDA,CARTER,AMANDA.CARTER@sakilacustomer.org,,,1
60c6050f0eb07c46f4e7b951,41,1,STEPHANIE,MITCHELL,STEPHANIE.MITCHELL@sakilacustomer.org,,,1
60c6050f0eb07c46f4e7b952,42,2,CAROLYN,PEREZ,CAROLYN.PEREZ@sakilacustomer.org,,,1
60c6050f0eb07c46f4e7b953,43,2,CHRISTINE,ROBERTS,CHRISTINE.ROBERTS@sakilacustomer.org,,,1
60c6050f0eb07c46f4e7b954,44,1,MARIE,TURNER,MARIE.TURNER@sakilacustomer.org,,,1
60c6050f0eb07c46f4e7b955,45,1,JANET,PHILLIPS,JANET.PHILLIPS@sakilacustomer.org,,,1
60c6050f0eb07c46f4e7b956,46,2,CATHERINE,CAMPBELL,CATHERINE.CAMPBELL@sakilacustomer.org,,,1
60c6050f0eb07c46f4e7b957,47,1,FRANCES,PARKER,FRANCES.PARKER@sakilacustomer.org,,,1
60c6050f0eb07c46f4e7b958,48,1,ANN,EVANS,ANN.EVANS@sakilacustomer.org,,,1
60c6050f0eb07c46f4e7b959,49,2,JOYCE,EDWARDS,JOYCE.EDWARDS@sakilacustomer.org,,,1
60c6050f0eb07c46f4e7b95a,50,1,DIANE,COLLINS,DIANE.COLLINS@sakilacustomer.org,,,1
60c6050f0eb07c46f4e7b95b,51,1,ALICE,STEWART,ALICE.STEWART@sakilacustomer.org,,,1
60c6050f0eb07c46f4e7b95c,52,1,JULIE,SANCHEZ,JULIE.SANCHEZ@sakilacustomer.org,,,1
60c6050f0eb07c46f4e7b95d,53,1,HEATHER,MORRIS,HEATHER.MORRIS@sakilacustomer.org,,,1
60c6050f0eb07c46f4e7b95e,54,1,TERESA,ROGERS,TERESA.ROGERS@sakilacustomer.org,,,1
60c6050f0eb07c46f4e7b95f,55,2,DORIS,REED,DORIS.REED@sakilacustomer.org,,,1
60c6050f0eb07c46f4e7b960,56,1,GLORIA,COOK,GLORIA.COOK@sakilacustomer.org,,,1
60c6050f0eb07c46f4e7b961,57,2,EVELYN,MORGAN,EVELYN.MORGAN@sakilacustomer.org,,,1
60c6050f0eb07c46f4e7b962,58,1,JEAN,BELL,JEAN.BELL@sakilacustomer.org,,,1
60c6050f0eb07c46f4e7b963,59,1,CHERYL,MURPHY,CHERYL.MURPHY@sakilacustomer.org,,,1
60c6050f0eb07c46f4e7b964,60,1,MILDRED,BAILEY,MILDRED.BAILEY@sakilacustomer.org,,,1
60c6050f0eb07c46f4e7b965,61,2,KATHERINE,RIVERA,KATHERINE.RIVERA@sakilacustomer.org,,,1
60c6050f0eb07c46f4e7b966,62,1,JOAN,COOPER,JOAN.COOPER@sakilacustomer.org,,,1
60c6050f0eb07c46f4e7b967,63,1,ASHLEY,RICHARDSON,ASHLEY.RICHARDSON@sakilacustomer.org,,,1
60c6050f0eb07c46f4e7b968,64,2,JUDITH,COX,JUDITH.COX@sakilacustomer.org,,,0
60c6050f0eb07c46f4e7b969,65,2,ROSE,HOWARD,ROSE.HOWARD@sakilacustomer.org,,,1
60c6050f0eb07c46f4e7b96a,66,2,JANICE,WARD,JANICE.WARD@sakilacustomer.org,,,1
60c6050f0eb07c46f4e7b96b,67,1,KELLY,TORRES,KELLY.TORRES@sakilacustomer.org,,,1
60c6050f0eb07c46f4e7b96c,68,1,NICOLE,PETERSON,NICOLE.PETERSON@sakilacustomer.org,,,1
60c6050f0eb07c46f4e7b96d,69,2,JUDY,GRAY,JUDY.GRAY@sakilacustomer.org,,,1
60c6050f0eb07c46f4e7b96e,70,2,CHRISTINA,RAMIREZ,CHRISTINA.RAMIREZ@sakilacustomer.org,,,1
60c6050f0eb07c46f4e7b96f,71,1,KATHY,JAMES,KATHY.JAMES@sakilacustomer.org,,,1
60c6050f0eb07c46f4e7b970,72,2,THERESA,WATSON,THERESA.WATSON@sakilacustomer.org,,,1
60c6050f0eb07c46f4e7b971,73,2,BEVERLY,BROOKS,BEVERLY.BROOKS@sakilacustomer.org,,,1
60c6050f0eb07c46f4e7b972,74,1,DENISE,KELLY,DENISE.KELLY@sakilacustomer.org,,,1
60c6050f0eb07c46f4e7b973,75,2,TAMMY,SANDERS,TAMMY.SANDERS@sakilacustomer.org,,,1
60c6050f0eb07c46f4e7b974,76,2,IRENE,PRICE,IRENE.PRICE@sakilacustomer.org,,,1
60c6050f0eb07c46f4e7b975,77,2,JANE,BENNETT,JANE.BENNETT@sakilacustomer.org,,,1
60c6050f0eb07c46f4e7b976,78,1,LORI,WOOD,LORI.WOOD@sakilacustomer.org,,,1
60c6050f0eb07c46f4e7b977,79,1,RACHEL,BARNES,RACHEL.BARNES@sakilacustomer.org,,,1
60c6050f0eb07c46f4e7b978,80,1,MARILYN,ROSS,MARILYN.ROSS@sakilacustomer.org,,,1
60c6050f0eb07c46f4e7b979,81,1,ANDREA,HENDERSON,ANDREA.HENDERSON@sakilacustomer.org,,,1
60c6050f0eb07c46f4e7b97a,82,1,KATHRYN,COLEMAN,KATHRYN.COLEMAN@sakilacustomer.org,,,1
60c6050f0eb07c46f4e7b97b,83,1,LOUISE,JENKINS,LOUISE.JENKINS@sakilacustomer.org,,,1
60c6050f0eb07c46f4e7b97c,84,2,SARA,PERRY,SARA.PERRY@sakilacustomer.org,,,1
60c6050f0eb07c46f4e7b97d,85,2,ANNE,POWELL,ANNE.POWELL@sakilacustomer.org,,,1
60c6050f0eb07c46f4e7b97e,86,2,JACQUELINE,LONG,JACQUELINE.LONG@sakilacustomer.org,,,1
60c6050f0eb07c46f4e7b97f,87,1,WANDA,PATTERSON,WANDA.PATTERSON@sakilacustomer.org,,,1
60c6050f0eb07c46f4e7b980,88,2,BONNIE,HUGHES,BONNIE.HUGHES@sakilacustomer.org,,,1
60c6050f0eb07c46f4e7b981,89,1,JULIA,FLORES,JULIA.FLORES@sakilacustomer.org,,,1
60c6050f0eb07c46f4e7b982,90,2,RUBY,WASHINGTON,RUBY.WASHINGTON@sakilacustomer.org,,,1
60c6050f0eb07c46f4e7b983,91,2,LOIS,BUTLER,LOIS.BUTLER@sakilacustomer.org,,,1
60c6050f0eb07c46f4e7b984,92,2,TINA,SIMMONS,TINA.SIMMONS@sakilacustomer.org,,,1
60c6050f0eb07c46f4e7b985,93,1,PHYLLIS,FOSTER,PHYLLIS.FOSTER@sakilacustomer.org,,,1
60c6050f0eb07c46f4e7b986,94,1,NORMA,GONZALES,NORMA.GONZALES@sakilacustomer.org,,,1
60c6050f0eb07c46f4e7b987,95,2,PAULA,BRYANT,PAULA.BRYANT@sakilacustomer.org,,,1
60c6050f0eb07c46f4e7b988,96,1,DIANA,ALEXANDER,DIANA.ALEXANDER@sakilacustomer.org,,,1
60c6050f0eb07c46f4e7b989,97,2,ANNIE,RUSSELL,ANNIE.RUSSELL@sakilacustomer.org,,,1
60c6050f0eb07c46f4e7b98a,98,1,LILLIAN,GRIFFIN,LILLIAN.GRIFFIN@sakilacustomer.org,,,1
60c6050f0eb07c46f4e7b98b,99,2,EMILY,DIAZ,EMILY.DIAZ@sakilacustomer.org,,,1
60c6050f0eb07c46f4e7b98c,100,1,ROBIN,HAYES,ROBIN.HAYES@sakilacustomer.org,,,1
60c6050f0eb07c46f4e7b98d,101,1,PEGGY,MYERS,PEGGY.MYERS@sakilacustomer.org,,,1
60c6050f0eb07c46f4e7b98e,102,1,CRYSTAL,FORD,CRYSTAL.FORD@sakilacustomer.org,,,1
60c6050f0eb07c46f4e7b98f,103,1,GLADYS,HAMILTON,GLADYS.HAMILTON@sakilacustomer.org,,,1
60c6050f0eb07c46f4e7b990,104,1,RITA,GRAHAM,RITA.GRAHAM@sakilacustomer.org,,,1
60c6050f0eb07c46f4e7b991,105,1,DAWN,SULLIVAN,DAWN.SULLIVAN@sakilacustomer.org,,,1
60c6050f0eb07c46f4e7b992,106,1,CONNIE,WALLACE,CONNIE.WALLACE@sakilacustomer.org,,,1
60c6050f0eb07c46f4e7b993,107,1,FLORENCE,WOODS,FLORENCE.WOODS@sakilacustomer.org,,,1
60c6050f0eb07c46f4e7b994,108,1,TRACY,COLE,TRACY.COLE@sakilacustomer.org,,,1
60c6050f0eb07c46f4e7b995,109,2,EDNA,WEST,EDNA.WEST@sakilacustomer.org,,,1
60c6050f0eb07c46f4e7b996,110,2,TIFFANY,JORDAN,TIFFANY.JORDAN@sakilacustomer.org,,,1
60c6050f0eb07c46f4e7b997,111,1,CARMEN,OWENS,CARMEN.OWENS@sakilacustomer.org,,,1
60c6050f0eb07c46f4e7b998,112,2,ROSA,REYNOLDS,ROSA.REYNOLDS@sakilacustomer.org,,,1
60c6050f0eb07c46f4e7b999,113,2,CINDY,FISHER,CINDY.FISHER@sakilacustomer.org,,,1
60c6050f0eb07c46f4e7b99a,114,2,GRACE,ELLIS,GRACE.ELLIS@sakilacustomer.org,,,1
60c6050f0eb07c46f4e7b99b,115,1,WENDY,HARRISON,WENDY.HARRISON@sakilacustomer.org,,,1
60c6050f0eb07c46f4e7b99c,116,1,VICTORIA,GIBSON,VICTORIA.GIBSON@sakilacustomer.org,,,1
60c6050f0eb07c46f4e7b99d,117,1,EDITH,MCDONALD,EDITH.MCDONALD@sakilacustomer.org,,,1
60c6050f0eb07c46f4e7b99e,118,1,KIM,CRUZ,KIM.CRUZ@sakilacustomer.org,,,1
60c6050f0eb07c46f4e7b99f,119,1,SHERRY,MARSHALL,SHERRY.MARSHALL@sakilacustomer.org,,,1
60c6050f0eb07c46f4e7b9a0,120,2,SYLVIA,ORTIZ,SYLVIA.ORTIZ@sakilacustomer.org,,,1
60c6050f0eb07c46f4e7b9a1,121,1,JOSEPHINE,GOMEZ,JOSEPHINE.GOMEZ@sakilacustomer.org,,,1
60c6050f0eb07c46f4e7b9a2,122,1,THELMA,MURRAY,THELMA.MURRAY@sakilacustomer.org,,,1
60c6050f0eb07c46f4e7b9a3,123,2,SHANNON,FREEMAN,SHANNON.FREEMAN@sakilacustomer.org,,,1
60c6050f0eb07c46f4e7b9a4,124,1,SHEILA,WELLS,SHEILA.WELLS@sakilacustomer.org,,,0
60c6050f0eb07c46f4e7b9a5,125,1,ETHEL,WEBB,ETHEL.WEBB@sakilacustomer.org,,,1
60c6050f0eb07c46f4e7b9a6,126,1,ELLEN,SIMPSON,ELLEN.SIMPSON@sakilacustomer.org,,,1
60c6050f0eb07c46f4e7b9a7,127,2,ELAINE,STEVENS,ELAINE.STEVENS@sakilacustomer.org,,,1
60c6050f0eb07c46f4e7b9a8,128,1,MARJORIE,TUCKER,MARJORIE.TUCKER@sakilacustomer.org,,,1
60c6050f0eb07c46f4e7b9a9,129,1,CARRIE,PORTER,CARRIE.PORTER@sakilacustomer.org,,,1
60c6050f0eb07c46f4e7b9aa,130,1,CHARLOTTE,HUNTER,CHARLOTTE.HUNTER@sakilacustomer.org,,,1
60c6050f0eb07c46f4e7b9ab,131,2,MONICA,HICKS,MONICA.HICKS@sakilacustomer.org,,,1
60c6050f0eb07c46f4e7b9ac,132,2,ESTHER,CRAWFORD,ESTHER.CRAWFORD@sakilacustomer.org,,,1
60c6050f0eb07c46f4e7b9ad,133,1,PAULINE,HENRY,PAULINE.HENRY@sakilacustomer.org,,,1
60c6050f0eb07c46f4e7b9ae,134,1,EMMA,BOYD,EMMA.BOYD@sakilacustomer.org,,,1
60c6050f0eb07c46f4e7b9af,135,2,JUANITA,MASON,JUANITA.MASON@sakilacustomer.org,,,1
60c6050f0eb07c46f4e7b9b0,136,2,ANITA,MORALES,ANITA.MORALES@sakilacustomer.org,,,1
60c6050f0eb07c46f4e7b9b1,137,2,RHONDA,KENNEDY,RHONDA.KENNEDY@sakilacustomer.org,,,1
60c6050f0eb07c46f4e7b9b2,138,1,HAZEL,WARREN,HAZEL.WARREN@sakilacustomer.org,,,1
60c6050f0eb07c46f4e7b9b3,139,1,AMBER,DIXON,AMBER.DIXON@sakilacustomer.org,,,1
60c6050f0eb07c46f4e7b9b4,140,1,EVA,RAMOS,EVA.RAMOS@sakilacustomer.org,,,1
60c6050f0eb07c46f4e7b9b5,141,1,DEBBIE,REYES,DEBBIE.REYES@sakilacustomer.org,,,1
60c6050f0eb07c46f4e7b9b6,142,1,APRIL,BURNS,APRIL.BURNS@sakilacustomer.org,,,1
60c6050f0eb07c46f4e7b9b7,143,1,LESLIE,GORDON,LESLIE.GORDON@sakilacustomer.org,,,1
60c6050f0eb07c46f4e7b9b8,144,1,CLARA,SHAW,CLARA.SHAW@sakilacustomer.org,,,1
60c6050f0eb07c46f4e7b9b9,145,1,LUCILLE,HOLMES,LUCILLE.HOLMES@sakilacustomer.org,,,1
60c6050f0eb07c46f4e7b9ba,146,1,JAMIE,RICE,JAMIE.RICE@sakilacustomer.org,,,1
60c6050f0eb07c46f4e7b9bb,147,2,JOANNE,ROBERTSON,JOANNE.ROBERTSON@sakilacustomer.org,,,1
60c6050f0eb07c46f4e7b9bc,148,1,ELEANOR,HUNT,ELEANOR.HUNT@sakilacustomer.org,,,1
60c6050f0eb07c46f4e7b9bd,149,1,VALERIE,BLACK,VALERIE.BLACK@sakilacustomer.org,,,1
60c6050f0eb07c46f4e7b9be,150,2,DANIELLE,DANIELS,DANIELLE.DANIELS@sakilacustomer.org,,,1
60c6050f0eb07c46f4e7b9bf,151,2,MEGAN,PALMER,MEGAN.PALMER@sakilacustomer.org,,,1
60c6050f0eb07c46f4e7b9c0,152,1,ALICIA,MILLS,ALICIA.MILLS@sakilacustomer.org,,,1
60c6050f0eb07c46f4e7b9c1,153,2,SUZANNE,NICHOLS,SUZANNE.NICHOLS@sakilacustomer.org,,,1
60c6050f0eb07c46f4e7b9c2,154,2,MICHELE,GRANT,MICHELE.GRANT@sakilacustomer.org,,,1
60c6050f0eb07c46f4e7b9c3,155,1,GAIL,KNIGHT,GAIL.KNIGHT@sakilacustomer.org,,,1
60c6050f0eb07c46f4e7b9c4,156,1,BERTHA,FERGUSON,BERTHA.FERGUSON@sakilacustomer.org,,,1
60c6050f0eb07c46f4e7b9c5,157,2,DARLENE,ROSE,DARLENE.ROSE@sakilacustomer.org,,,1
60c6050f0eb07c46f4e7b9c6,158,1,VERONICA,STONE,VERONICA.STONE@sakilacustomer.org,,,1
60c6050f0eb07c46f4e7b9c7,159,1,JILL,HAWKINS,JILL.HAWKINS@sakilacustomer.org,,,1
60c6050f0eb07c46f4e7b9c8,160,2,ERIN,DUNN,ERIN.DUNN@sakilacustomer.org,,,1
60c6050f0eb07c46f4e7b9c9,161,1,GERALDINE,PERKINS,GERALDINE.PERKINS@sakilacustomer.org,,,1
60c6050f0eb07c46f4e7b9ca,162,2,LAUREN,HUDSON,LAUREN.HUDSON@sakilacustomer.org,,,1
60c6050f0eb07c46f4e7b9cb,163,1,CATHY,SPENCER,CATHY.SPENCER@sakilacustomer.org,,,1
60c6050f0eb07c46f4e7b9cc,164,2,JOANN,GARDNER,JOANN.GARDNER@sakilacustomer.org,,,1
60c6050f0eb07c46f4e7b9cd,165,2,LORRAINE,STEPHENS,LORRAINE.STEPHENS@sakilacustomer.org,,,1
60c6050f0eb07c46f4e7b9ce,166,1,LYNN,PAYNE,LYNN.PAYNE@sakilacustomer.org,,,1
60c6050f0eb07c46f4e7b9cf,167,2,SALLY,PIERCE,SALLY.PIERCE@sakilacustomer.org,,,1
60c6050f0eb07c46f4e7b9d0,168,1,REGINA,BERRY,REGINA.BERRY@sakilacustomer.org,,,1
60c6050f0eb07c46f4e7b9d1,169,2,ERICA,MATTHEWS,ERICA.MATTHEWS@sakilacustomer.org,,,0
60c6050f0eb07c46f4e7b9d2,170,1,BEATRICE,ARNOLD,BEATRICE.ARNOLD@sakilacustomer.org,,,1
60c6050f0eb07c46f4e7b9d3,171,2,DOLORES,WAGNER,DOLORES.WAGNER@sakilacustomer.org,,,1
60c6050f0eb07c46f4e7b9d4,172,1,BERNICE,WILLIS,BERNICE.WILLIS@sakilacustomer.org,,,1
60c6050f0eb07c46f4e7b9d5,173,1,AUDREY,RAY,AUDREY.RAY@sakilacustomer.org,,,1
60c6050f0eb07c46f4e7b9d6,174,2,YVONNE,WATKINS,YVONNE.WATKINS@sakilacustomer.org,,,1
60c6050f0eb07c46f4e7b9d7,175,1,ANNETTE,OLSON,ANNETTE.OLSON@sakilacustomer.org,,,1
60c6050f0eb07c46f4e7b9d8,176,1,JUNE,CARROLL,JUNE.CARROLL@sakilacustomer.org,,,1
60c6050f0eb07c46f4e7b9d9,177,2,SAMANTHA,DUNCAN,SAMANTHA.DUNCAN@sakilacustomer.org,,,1
60c6050f0eb07c46f4e7b9da,178,2,MARION,SNYDER,MARION.SNYDER@sakilacustomer.org,,,1
60c6050f0eb07c46f4e7b9db,179,1,DANA,HART,DANA.HART@sakilacustomer.org,,,1
60c6050f0eb07c46f4e7b9dc,180,2,STACY,CUNNINGHAM,STACY.CUNNINGHAM@sakilacustomer.org,,,1
60c6050f0eb07c46f4e7b9dd,181,2,ANA,BRADLEY,ANA.BRADLEY@sakilacustomer.org,,,1
60c6050f0eb07c46f4e7b9de,182,1,RENEE,LANE,RENEE.LANE@sakilacustomer.org,,,1
60c6050f0eb07c46f4e7b9df,183,2,IDA,ANDREWS,IDA.ANDREWS@sakilacustomer.org,,,1
60c6050f0eb07c46f4e7b9e0,184,1,VIVIAN,RUIZ,VIVIAN.RUIZ@sakilacustomer.org,,,1
60c6050f0eb07c46f4e7b9e1,185,1,ROBERTA,HARPER,ROBERTA.HARPER@sakilacustomer.org,,,1
60c6050f0eb07c46f4e7b9e2,186,2,HOLLY,FOX,HOLLY.FOX@sakilacustomer.org,,,1
60c6050f0eb07c46f4e7b9e3,187,2,BRITTANY,RILEY,BRITTANY.RILEY@sakilacustomer.org,,,1
60c6050f0eb07c46f4e7b9e4,188,1,MELANIE,ARMSTRONG,MELANIE.ARMSTRONG@sakilacustomer.org,,,1
60c6050f0eb07c46f4e7b9e5,189,1,LORETTA,CARPENTER,LORETTA.CARPENTER@sakilacustomer.org,,,1
60c6050f0eb07c46f4e7b9e6,190,2,YOLANDA,WEAVER,YOLANDA.WEAVER@sakilacustomer.org,,,1
60c6050f0eb07c46f4e7b9e7,191,1,JEANETTE,GREENE,JEANETTE.GREENE@sakilacustomer.org,,,1
60c6050f0eb07c46f4e7b9e8,192,1,LAURIE,LAWRENCE,LAURIE.LAWRENCE@sakilacustomer.org,,,1
60c6050f0eb07c46f4e7b9e9,193,2,KATIE,ELLIOTT,KATIE.ELLIOTT@sakilacustomer.org,,,1
60c6050f0eb07c46f4e7b9ea,194,2,KRISTEN,CHAVEZ,KRISTEN.CHAVEZ@sakilacustomer.org,,,1
60c6050f0eb07c46f4e7b9eb,195,1,VANESSA,SIMS,VANESSA.SIMS@sakilacustomer.org,,,1
60c6050f0eb07c46f4e7b9ec,196,1,ALMA,AUSTIN,ALMA.AUSTIN@sakilacustomer.org,,,1
60c6050f0eb07c46f4e7b9ed,197,2,SUE,PETERS,SUE.PETERS@sakilacustomer.org,,,1
60c6050f0eb07c46f4e7b9ee,198,2,ELSIE,KELLEY,ELSIE.KELLEY@sakilacustomer.org,,,1
60c6050f0eb07c46f4e7b9ef,199,2,BETH,FRANKLIN,BETH.FRANKLIN@sakilacustomer.org,,,1
60c6050f0eb07c46f4e7b9f0,200,2,JEANNE,LAWSON,JEANNE.LAWSON@sakilacustomer.org,,,1
60c6050f0eb07c46f4e7b9f1,201,1,VICKI,FIELDS,VICKI.FIELDS@sakilacustomer.org,,,1
60c6050f0eb07c46f4e7b9f2,202,2,CARLA,GUTIERREZ,CARLA.GUTIERREZ@sakilacustomer.org,,,1
60c6050f0eb07c46f4e7b9f3,203,1,TARA,RYAN,TARA.RYAN@sakilacustomer.org,,,1
60c6050f0eb07c46f4e7b9f4,204,1,ROSEMARY,SCHMIDT,ROSEMARY.SCHMIDT@sakilacustomer.org,,,1
60c6050f0eb07c46f4e7b9f5,205,2,EILEEN,CARR,EILEEN.CARR@sakilacustomer.org,,,1
60c6050f0eb07c46f4e7b9f6,206,1,TERRI,VASQUEZ,TERRI.VASQUEZ@sakilacustomer.org,,,1
60c6050f0eb07c46f4e7b9f7,207,1,GERTRUDE,CASTILLO,GERTRUDE.CASTILLO@sakilacustomer.org,,,1
60c6050f0eb07c46f4e7b9f8,208,1,LUCY,WHEELER,LUCY.WHEELER@sakilacustomer.org,,,1
60c6050f0eb07c46f4e7b9f9,209,2,TONYA,CHAPMAN,TONYA.CHAPMAN@sakilacustomer.org,,,1
60c6050f0eb07c46f4e7b9fa,210,2,ELLA,OLIVER,ELLA.OLIVER@sakilacustomer.org,,,1
60c6050f0eb07c46f4e7b9fb,211,1,STACEY,MONTGOMERY,STACEY.MONTGOMERY@sakilacustomer.org,,,1
60c6050f0eb07c46f4e7b9fc,212,2,WILMA,RICHARDS,WILMA.RICHARDS@sakilacustomer.org,,,1
60c6050f0eb07c46f4e7b9fd,213,1,GINA,WILLIAMSON,GINA.WILLIAMSON@sakilacustomer.org,,,1
60c6050f0eb07c46f4e7b9fe,214,1,KRISTIN,JOHNSTON,KRISTIN.JOHNSTON@sakilacustomer.org,,,1
60c6050f0eb07c46f4e7b9ff,215,2,JESSIE,BANKS,JESSIE.BANKS@sakilacustomer.org,,,1
60c6050f0eb07c46f4e7ba00,216,1,NATALIE,MEYER,NATALIE.MEYER@sakilacustomer.org,,,1
60c6050f0eb07c46f4e7ba01,217,2,AGNES,BISHOP,AGNES.BISHOP@sakilacustomer.org,,,1
60c6050f0eb07c46f4e7ba02,218,1,VERA,MCCOY,VERA.MCCOY@sakilacustomer.org,,,1
60c6050f0eb07c46f4e7ba03,219,2,WILLIE,HOWELL,WILLIE.HOWELL@sakilacustomer.org,,,1
60c6050f0eb07c46f4e7ba04,220,2,CHARLENE,ALVAREZ,CHARLENE.ALVAREZ@sakilacustomer.org,,,1
60c6050f0eb07c46f4e7ba05,221,1,BESSIE,MORRISON,BESSIE.MORRISON@sakilacustomer.org,,,1
60c6050f0eb07c46f4e7ba06,222,2,DELORES,HANSEN,DELORES.HANSEN@sakilacustomer.org,,,1
60c6050f0eb07c46f4e7ba07,223,1,MELINDA,FERNANDEZ,MELINDA.FERNANDEZ@sakilacustomer.org,,,1
60c6050f0eb07c46f4e7ba08,224,2,PEARL,GARZA,PEARL.GARZA@sakilacustomer.org,,,1
60c6050f0eb07c46f4e7ba09,225,1,ARLENE,HARVEY,ARLENE.HARVEY@sakilacustomer.org,,,1
60c6050f0eb07c46f4e7ba0a,226,2,MAUREEN,LITTLE,MAUREEN.LITTLE@sakilacustomer.org,,,1
60c6050f0eb07c46f4e7ba0b,227,1,COLLEEN,BURTON,COLLEEN.BURTON@sakilacustomer.org,,,1
60c6050f0eb07c46f4e7ba0c,228,2,ALLISON,STANLEY,ALLISON.STANLEY@sakilacustomer.org,,,1
60c6050f0eb07c46f4e7ba0d,229,1,TAMARA,NGUYEN,TAMARA.NGUYEN@sakilacustomer.org,,,1
60c6050f0eb07c46f4e7ba0e,230,2,JOY,GEORGE,JOY.GEORGE@sakilacustomer.org,,,1
60c6050f0eb07c46f4e7ba0f,231,1,GEORGIA,JACOBS,GEORGIA.JACOBS@sakilacustomer.org,,,1
60c6050f0eb07c46f4e7ba10,232,2,CONSTANCE,REID,CONSTANCE.REID@sakilacustomer.org,,,1
60c6050f0eb07c46f4e7ba11,233,2,LILLIE,KIM,LILLIE.KIM@sakilacustomer.org,,,1
60c6050f0eb07c46f4e7ba12,234,1,CLAUDIA,FULLER,CLAUDIA.FULLER@sakilacustomer.org,,,1
60c6050f0eb07c46f4e7ba13,235,1,JACKIE,LYNCH,JACKIE.LYNCH@sakilacustomer.org,,,1
60c6050f0eb07c46f4e7ba14,236,1,MARCIA,DEAN,MARCIA.DEAN@sakilacustomer.org,,,1
60c6050f0eb07c46f4e7ba15,237,1,TANYA,GILBERT,TANYA.GILBERT@sakilacustomer.org,,,1
60c6050f0eb07c46f4e7ba16,238,1,NELLIE,GARRETT,NELLIE.GARRETT@sakilacustomer.org,,,1
60c6050f0eb07c46f4e7ba17,239,2,MINNIE,ROMERO,MINNIE.ROMERO@sakilacustomer.org,,,1
60c6050f0eb07c46f4e7ba18,240,1,MARLENE,WELCH,MARLENE.WELCH@sakilacustomer.org,,,1
60c6050f0eb07c46f4e7ba19,241,2,HEIDI,LARSON,HEIDI.LARSON@sakilacustomer.org,,,0
60c6050f0eb07c46f4e7ba1a,242,1,GLENDA,FRAZIER,GLENDA.FRAZIER@sakilacustomer.org,,,1
60c6050f0eb07c46f4e7ba1b,243,1,LYDIA,BURKE,LYDIA.BURKE@sakilacustomer.org,,,1
60c6050f0eb07c46f4e7ba1c,244,2,VIOLA,HANSON,VIOLA.HANSON@sakilacustomer.org,,,1
60c6050f0eb07c46f4e7ba1d,245,1,COURTNEY,DAY,COURTNEY.DAY@sakilacustomer.org,,,1
60c6050f0eb07c46f4e7ba1e,246,1,MARIAN,MENDOZA,MARIAN.MENDOZA@sakilacustomer.org,,,1
60c6050f0eb07c46f4e7ba1f,247,1,STELLA,MORENO,STELLA.MORENO@sakilacustomer.org,,,1
60c6050f0eb07c46f4e7ba20,248,1,CAROLINE,BOWMAN,CAROLINE.BOWMAN@sakilacustomer.org,,,1
60c6050f0eb07c46f4e7ba21,249,2,DORA,MEDINA,DORA.MEDINA@sakilacustomer.org,,,1
60c6050f0eb07c46f4e7ba22,250,2,JO,FOWLER,JO.FOWLER@sakilacustomer.org,,,1
60c6050f0eb07c46f4e7ba23,251,2,VICKIE,BREWER,VICKIE.BREWER@sakilacustomer.org,,,1
60c6050f0eb07c46f4e7ba24,252,2,MATTIE,HOFFMAN,MATTIE.HOFFMAN@sakilacustomer.org,,,1
60c6050f0eb07c46f4e7ba25,253,1,TERRY,CARLSON,TERRY.CARLSON@sakilacustomer.org,,,1
60c6050f0eb07c46f4e7ba26,254,2,MAXINE,SILVA,MAXINE.SILVA@sakilacustomer.org,,,1
60c6050f0eb07c46f4e7ba27,255,2,IRMA,PEARSON,IRMA.PEARSON@sakilacustomer.org,,,1
60c6050f0eb07c46f4e7ba28,256,2,MABEL,HOLLAND,MABEL.HOLLAND@sakilacustomer.org,,,1
60c6050f0eb07c46f4e7ba29,257,2,MARSHA,DOUGLAS,MARSHA.DOUGLAS@sakilacustomer.org,,,1
60c6050f0eb07c46f4e7ba2a,258,1,MYRTLE,FLEMING,MYRTLE.FLEMING@sakilacustomer.org,,,1
60c6050f0eb07c46f4e7ba2b,259,2,LENA,JENSEN,LENA.JENSEN@sakilacustomer.org,,,1
60c6050f0eb07c46f4e7ba2c,260,1,CHRISTY,VARGAS,CHRISTY.VARGAS@sakilacustomer.org,,,1
60c6050f0eb07c46f4e7ba2d,261,1,DEANNA,BYRD,DEANNA.BYRD@sakilacustomer.org,,,1
60c6050f0eb07c46f4e7ba2e,262,2,PATSY,DAVIDSON,PATSY.DAVIDSON@sakilacustomer.org,,,1
60c6050f0eb07c46f4e7ba2f,263,1,HILDA,HOPKINS,HILDA.HOPKINS@sakilacustomer.org,,,1
60c6050f0eb07c46f4e7ba30,264,1,GWENDOLYN,MAY,GWENDOLYN.MAY@sakilacustomer.org,,,1
60c6050f0eb07c46f4e7ba31,265,2,JENNIE,TERRY,JENNIE.TERRY@sakilacustomer.org,,,1
60c6050f0eb07c46f4e7ba32,266,2,NORA,HERRERA,NORA.HERRERA@sakilacustomer.org,,,1
60c6050f0eb07c46f4e7ba33,267,1,MARGIE,WADE,MARGIE.WADE@sakilacustomer.org,,,1
60c6050f0eb07c46f4e7ba34,268,1,NINA,SOTO,NINA.SOTO@sakilacustomer.org,,,1
60c6050f0eb07c46f4e7ba35,269,1,CASSANDRA,WALTERS,CASSANDRA.WALTERS@sakilacustomer.org,,,1
60c6050f0eb07c46f4e7ba36,270,1,LEAH,CURTIS,LEAH.CURTIS@sakilacustomer.org,,,1
60c6050f0eb07c46f4e7ba37,271,1,PENNY,NEAL,PENNY.NEAL@sakilacustomer.org,,,0
60c6050f0eb07c46f4e7ba38,272,1,KAY,CALDWELL,KAY.CALDWELL@sakilacustomer.org,,,1
60c6050f0eb07c46f4e7ba39,273,2,PRISCILLA,LOWE,PRISCILLA.LOWE@sakilacustomer.org,,,1
60c6050f0eb07c46f4e7ba3a,274,1,NAOMI,JENNINGS,NAOMI.JENNINGS@sakilacustomer.org,,,1
60c6050f0eb07c46f4e7ba3b,275,2,CAROLE,BARNETT,CAROLE.BARNETT@sakilacustomer.org,,,1
60c6050f0eb07c46f4e7ba3c,276,1,BRANDY,GRAVES,BRANDY.GRAVES@sakilacustomer.org,,,1
60c6050f0eb07c46f4e7ba3d,277,2,OLGA,JIMENEZ,OLGA.JIMENEZ@sakilacustomer.org,,,1
60c6050f0eb07c46f4e7ba3e,278,2,BILLIE,HORTON,BILLIE.HORTON@sakilacustomer.org,,,1
60c6050f0eb07c46f4e7ba3f,279,2,DIANNE,SHELTON,DIANNE.SHELTON@sakilacustomer.org,,,1
60c6050f0eb07c46f4e7ba40,280,2,TRACEY,BARRETT,TRACEY.BARRETT@sakilacustomer.org,,,1
60c6050f0eb07c46f4e7ba41,281,2,LEONA,OBRIEN,LEONA.OBRIEN@sakilacustomer.org,,,1
60c6050f0eb07c46f4e7ba42,282,2,JENNY,CASTRO,JENNY.CASTRO@sakilacustomer.org,,,1
60c6050f0eb07c46f4e7ba43,283,1,FELICIA,SUTTON,FELICIA.SUTTON@sakilacustomer.org,,,1
60c6050f0eb07c46f4e7ba44,284,1,SONIA,GREGORY,SONIA.GREGORY@sakilacustomer.org,,,1
60c6050f0eb07c46f4e7ba45,285,1,MIRIAM,MCKINNEY,MIRIAM.MCKINNEY@sakilacustomer.org,,,1
60c6050f0eb07c46f4e7ba46,286,1,VELMA,LUCAS,VELMA.LUCAS@sakilacustomer.org,,,1
60c6050f0eb07c46f4e7ba47,287,2,BECKY,MILES,BECKY.MILES@sakilacustomer.org,,,1
60c6050f0eb07c46f4e7ba48,288,1,BOBBIE,CRAIG,BOBBIE.CRAIG@sakilacustomer.org,,,1
60c6050f0eb07c46f4e7ba49,289,1,VIOLET,RODRIQUEZ,VIOLET.RODRIQUEZ@sakilacustomer.org,,,1
60c6050f0eb07c46f4e7ba4a,290,1,KRISTINA,CHAMBERS,KRISTINA.CHAMBERS@sakilacustomer.org,,,1
60c6050f0eb07c46f4e7ba4b,291,1,TONI,HOLT,TONI.HOLT@sakilacustomer.org,,,1
60c6050f0eb07c46f4e7ba4c,292,2,MISTY,LAMBERT,MISTY.LAMBERT@sakilacustomer.org,,,1
60c6050f0eb07c46f4e7ba4d,293,2,MAE,FLETCHER,MAE.FLETCHER@sakilacustomer.org,,,1
60c6050f0eb07c46f4e7ba4e,294,2,SHELLY,WATTS,SHELLY.WATTS@sakilacustomer.org,,,1
60c6050f0eb07c46f4e7ba4f,295,1,DAISY,BATES,DAISY.BATES@sakilacustomer.org,,,1
60c6050f0eb07c46f4e7ba50,296,2,RAMONA,HALE,RAMONA.HALE@sakilacustomer.org,,,1
60c6050f0eb07c46f4e7ba51,297,1,SHERRI,RHODES,SHERRI.RHODES@sakilacustomer.org,,,1
60c6050f0eb07c46f4e7ba52,298,1,ERIKA,PENA,ERIKA.PENA@sakilacustomer.org,,,1
60c6050f0eb07c46f4e7ba53,299,2,JAMES,GANNON,JAMES.GANNON@sakilacustomer.org,,,1
60c6050f0eb07c46f4e7ba54,300,1,JOHN,FARNSWORTH,JOHN.FARNSWORTH@sakilacustomer.org,,,1
60c6050f0eb07c46f4e7ba55,301,2,ROBERT,BAUGHMAN,ROBERT.BAUGHMAN@sakilacustomer.org,,,1
60c6050f0eb07c46f4e7ba56,302,1,MICHAEL,SILVERMAN,MICHAEL.SILVERMAN@sakilacustomer.org,,,1
60c6050f0eb07c46f4e7ba57,303,2,WILLIAM,SATTERFIELD,WILLIAM.SATTERFIELD@sakilacustomer.org,,,1
60c6050f0eb07c46f4e7ba58,304,2,DAVID,ROYAL,DAVID.ROYAL@sakilacustomer.org,,,1
60c6050f0eb07c46f4e7ba59,305,1,RICHARD,MCCRARY,RICHARD.MCCRARY@sakilacustomer.org,,,1
60c6050f0eb07c46f4e7ba5a,306,1,CHARLES,KOWALSKI,CHARLES.KOWALSKI@sakilacustomer.org,,,1
60c6050f0eb07c46f4e7ba5b,307,2,JOSEPH,JOY,JOSEPH.JOY@sakilacustomer.org,,,1
60c6050f0eb07c46f4e7ba5c,308,1,THOMAS,GRIGSBY,THOMAS.GRIGSBY@sakilacustomer.org,,,1
60c6050f0eb07c46f4e7ba5d,309,1,CHRISTOPHER,GRECO,CHRISTOPHER.GRECO@sakilacustomer.org,,,1
60c6050f0eb07c46f4e7ba5e,310,2,DANIEL,CABRAL,DANIEL.CABRAL@sakilacustomer.org,,,1
60c6050f0eb07c46f4e7ba5f,311,2,PAUL,TROUT,PAUL.TROUT@sakilacustomer.org,,,1
60c6050f0eb07c46f4e7ba60,312,2,MARK,RINEHART,MARK.RINEHART@sakilacustomer.org,,,1
60c6050f0eb07c46f4e7ba61,313,2,DONALD,MAHON,DONALD.MAHON@sakilacustomer.org,,,1
60c6050f0eb07c46f4e7ba62,314,1,GEORGE,LINTON,GEORGE.LINTON@sakilacustomer.org,,,1
60c6050f0eb07c46f4e7ba63,315,2,KENNETH,GOODEN,KENNETH.GOODEN@sakilacustomer.org,,,0
60c6050f0eb07c46f4e7ba64,316,1,STEVEN,CURLEY,STEVEN.CURLEY@sakilacustomer.org,,,1
60c6050f0eb07c46f4e7ba65,317,2,EDWARD,BAUGH,EDWARD.BAUGH@sakilacustomer.org,,,1
60c6050f0eb07c46f4e7ba66,318,1,BRIAN,WYMAN,BRIAN.WYMAN@sakilacustomer.org,,,1
60c6050f0eb07c46f4e7ba67,319,2,RONALD,WEINER,RONALD.WEINER@sakilacustomer.org,,,1
60c6050f0eb07c46f4e7ba68,320,2,ANTHONY,SCHWAB,ANTHONY.SCHWAB@sakilacustomer.org,,,1
60c6050f0eb07c46f4e7ba69,321,1,KEVIN,SCHULER,KEVIN.SCHULER@sakilacustomer.org,,,1
60c6050f0eb07c46f4e7ba6a,322,1,JASON,MORRISSEY,JASON.MORRISSEY@sakilacustomer.org,,,1
60c6050f0eb07c46f4e7ba6b,323,2,MATTHEW,MAHAN,MATTHEW.MAHAN@sakilacustomer.org,,,1
60c6050f0eb07c46f4e7ba6c,324,2,GARY,COY,GARY.COY@sakilacustomer.org,,,1
60c6050f0eb07c46f4e7ba6d,325,1,TIMOTHY,BUNN,TIMOTHY.BUNN@sakilacustomer.org,,,1
60c6050f0eb07c46f4e7ba6e,326,1,JOSE,ANDREW,JOSE.ANDREW@sakilacustomer.org,,,1
60c6050f0eb07c46f4e7ba6f,327,2,LARRY,THRASHER,LARRY.THRASHER@sakilacustomer.org,,,1
60c6050f0eb07c46f4e7ba70,328,2,JEFFREY,SPEAR,JEFFREY.SPEAR@sakilacustomer.org,,,1
60c6050f0eb07c46f4e7ba71,329,2,FRANK,WAGGONER,FRANK.WAGGONER@sakilacustomer.org,,,1
60c6050f0eb07c46f4e7ba72,330,1,SCOTT,SHELLEY,SCOTT.SHELLEY@sakilacustomer.org,,,1
60c6050f0eb07c46f4e7ba73,331,1,ERIC,ROBERT,ERIC.ROBERT@sakilacustomer.org,,,1
60c6050f0eb07c46f4e7ba74,332,1,STEPHEN,QUALLS,STEPHEN.QUALLS@sakilacustomer.org,,,1
60c6050f0eb07c46f4e7ba75,333,2,ANDREW,PURDY,ANDREW.PURDY@sakilacustomer.org,,,1
60c6050f0eb07c46f4e7ba76,334,2,RAYMOND,MCWHORTER,RAYMOND.MCWHORTER@sakilacustomer.org,,,1
60c6050f0eb07c46f4e7ba77,335,1,GREGORY,MAULDIN,GREGORY.MAULDIN@sakilacustomer.org,,,1
60c6050f0eb07c46f4e7ba78,336,1,JOSHUA,MARK,JOSHUA.MARK@sakilacustomer.org,,,1
60c6050f0eb07c46f4e7ba79,337,1,JERRY,JORDON,JERRY.JORDON@sakilacustomer.org,,,1
60c6050f0eb07c46f4e7ba7a,338,1,DENNIS,GILMAN,DENNIS.GILMAN@sakilacustomer.org,,,1
60c6050f0eb07c46f4e7ba7b,339,2,WALTER,PERRYMAN,WALTER.PERRYMAN@sakilacustomer.org,,,1
60c6050f0eb07c46f4e7ba7c,340,1,PATRICK,NEWSOM,PATRICK.NEWSOM@sakilacustomer.org,,,1
60c6050f0eb07c46f4e7ba7d,341,1,PETER,MENARD,PETER.MENARD@sakilacustomer.org,,,1
60c6050f0eb07c46f4e7ba7e,342,1,HAROLD,MARTINO,HAROLD.MARTINO@sakilacustomer.org,,,1
60c6050f0eb07c46f4e7ba7f,343,1,DOUGLAS,GRAF,DOUGLAS.GRAF@sakilacustomer.org,,,1
60c6050f0eb07c46f4e7ba80,344,1,HENRY,BILLINGSLEY,HENRY.BILLINGSLEY@sakilacustomer.org,,,1
60c6050f0eb07c46f4e7ba81,345,1,CARL,ARTIS,CARL.ARTIS@sakilacustomer.org,,,1
60c6050f0eb07c46f4e7ba82,346,1,ARTHUR,SIMPKINS,ARTHUR.SIMPKINS@sakilacustomer.org,,,1
60c6050f0eb07c46f4e7ba83,347,2,RYAN,SALISBURY,RYAN.SALISBURY@sakilacustomer.org,,,1
60c6050f0eb07c46f4e7ba84,348,2,ROGER,QUINTANILLA,ROGER.QUINTANILLA@sakilacustomer.org,,,1
60c6050f0eb07c46f4e7ba85,349,2,JOE,GILLILAND,JOE.GILLILAND@sakilacustomer.org,,,1
60c6050f0eb07c46f4e7ba86,350,1,JUAN,FRALEY,JUAN.FRALEY@sakilacustomer.org,,,1
60c6050f0eb07c46f4e7ba87,351,1,JACK,FOUST,JACK.FOUST@sakilacustomer.org,,,1
60c6050f0eb07c46f4e7ba88,352,1,ALBERT,CROUSE,ALBERT.CROUSE@sakilacustomer.org,,,1
60c6050f0eb07c46f4e7ba89,353,1,JONATHAN,SCARBOROUGH,JONATHAN.SCARBOROUGH@sakilacustomer.org,,,1
60c6050f0eb07c46f4e7ba8a,354,2,JUSTIN,NGO,JUSTIN.NGO@sakilacustomer.org,,,1
60c6050f0eb07c46f4e7ba8b,355,2,TERRY,GRISSOM,TERRY.GRISSOM@sakilacustomer.org,,,1
60c6050f0eb07c46f4e7ba8c,356,2,GERALD,FULTZ,GERALD.FULTZ@sakilacustomer.org,,,1
60c6050f0eb07c46f4e7ba8d,357,1,KEITH,RICO,KEITH.RICO@sakilacustomer.org,,,1
60c6050f0eb07c46f4e7ba8e,358,2,SAMUEL,MARLOW,SAMUEL.MARLOW@sakilacustomer.org,,,1
60c6050f0eb07c46f4e7ba8f,359,2,WILLIE,MARKHAM,WILLIE.MARKHAM@sakilacustomer.org,,,1
60c6050f0eb07c46f4e7ba90,360,2,RALPH,MADRIGAL,RALPH.MADRIGAL@sakilacustomer.org,,,1
60c6050f0eb07c46f4e7ba91,361,2,LAWRENCE,LAWTON,LAWRENCE.LAWTON@sakilacustomer.org,,,1
60c6050f0eb07c46f4e7ba92,362,1,NICHOLAS,BARFIELD,NICHOLAS.BARFIELD@sakilacustomer.org,,,1
60c6050f0eb07c46f4e7ba93,363,2,ROY,WHITING,ROY.WHITING@sakilacustomer.org,,,1
60c6050f0eb07c46f4e7ba94,364,1,BENJAMIN,VARNEY,BENJAMIN.VARNEY@sakilacustomer.org,,,1
60c6050f0eb07c46f4e7ba95,365,2,BRUCE,SCHWARZ,BRUCE.SCHWARZ@sakilacustomer.org,,,1
60c6050f0eb07c46f4e7ba96,366,1,BRANDON,HUEY,BRANDON.HUEY@sakilacustomer.org,,,1
60c6050f0eb07c46f4e7ba97,367,1,ADAM,GOOCH,ADAM.GOOCH@sakilacustomer.org,,,1
60c6050f0eb07c46f4e7ba98,368,1,HARRY,ARCE,HARRY.ARCE@sakilacustomer.org,,,0
60c6050f0eb07c46f4e7ba99,369,2,FRED,WHEAT,FRED.WHEAT@sakilacustomer.org,,,1
60c6050f0eb07c46f4e7ba9a,370,2,WAYNE,TRUONG,WAYNE.TRUONG@sakilacustomer.org,,,1
60c6050f0eb07c46f4e7ba9b,371,1,BILLY,POULIN,BILLY.POULIN@sakilacustomer.org,,,1
60c6050f0eb07c46f4e7ba9c,372,2,STEVE,MACKENZIE,STEVE.MACKENZIE@sakilacustomer.org,,,1
60c6050f0eb07c46f4e7ba9d,373,1,LOUIS,LEONE,LOUIS.LEONE@sakilacustomer.org,,,1
60c6050f0eb07c46f4e7ba9e,374,2,JEREMY,HURTADO,JEREMY.HURTADO@sakilacustomer.org,,,1
60c6050f0eb07c46f4e7ba9f,375,2,AARON,SELBY,AARON.SELBY@sakilacustomer.org,,,1
60c6050f0eb07c46f4e7baa0,376,1,RANDY,GAITHER,RANDY.GAITHER@sakilacustomer.org,,,1
60c6050f0eb07c46f4e7baa1,377,1,HOWARD,FORTNER,HOWARD.FORTNER@sakilacustomer.org,,,1
60c6050f0eb07c46f4e7baa2,378,1,EUGENE,CULPEPPER,EUGENE.CULPEPPER@sakilacustomer.org,,,1
60c6050f0eb07c46f4e7baa3,379,1,CARLOS,COUGHLIN,CARLOS.COUGHLIN@sakilacustomer.org,,,1
60c6050f0eb07c46f4e7baa4,380,1,RUSSELL,BRINSON,RUSSELL.BRINSON@sakilacustomer.org,,,1
60c6050f0eb07c46f4e7baa5,381,2,BOBBY,BOUDREAU,BOBBY.BOUDREAU@sakilacustomer.org,,,1
60c6050f0eb07c46f4e7baa6,382,2,VICTOR,BARKLEY,VICTOR.BARKLEY@sakilacustomer.org,,,1
60c6050f0eb07c46f4e7baa7,383,1,MARTIN,BALES,MARTIN.BALES@sakilacustomer.org,,,1
60c6050f0eb07c46f4e7baa8,384,2,ERNEST,STEPP,ERNEST.STEPP@sakilacustomer.org,,,1
60c6050f0eb07c46f4e7baa9,385,1,PHILLIP,HOLM,PHILLIP.HOLM@sakilacustomer.org,,,1
60c6050f0eb07c46f4e7baaa,386,1,TODD,TAN,TODD.TAN@sakilacustomer.org,,,1
60c6050f0eb07c46f4e7baab,387,2,JESSE,SCHILLING,JESSE.SCHILLING@sakilacustomer.org,,,1
60c6050f0eb07c46f4e7baac,388,2,CRAIG,MORRELL,CRAIG.MORRELL@sakilacustomer.org,,,1
60c6050f0eb07c46f4e7baad,389,1,ALAN,KAHN,ALAN.KAHN@sakilacustomer.org,,,1
60c6050f0eb07c46f4e7baae,390,1,SHAWN,HEATON,SHAWN.HEATON@sakilacustomer.org,,,1
60c6050f0eb07c46f4e7baaf,391,1,CLARENCE,GAMEZ,CLARENCE.GAMEZ@sakilacustomer.org,,,1
60c6050f0eb07c46f4e7bab0,392,2,SEAN,DOUGLASS,SEAN.DOUGLASS@sakilacustomer.org,,,1
60c6050f0eb07c46f4e7bab1,393,1,PHILIP,CAUSEY,PHILIP.CAUSEY@sakilacustomer.org,,,1
60c6050f0eb07c46f4e7bab2,394,2,CHRIS,BROTHERS,CHRIS.BROTHERS@sakilacustomer.org,,,1
60c6050f0eb07c46f4e7bab3,395,2,JOHNNY,TURPIN,JOHNNY.TURPIN@sakilacustomer.org,,,1
60c6050f0eb07c46f4e7bab4,396,1,EARL,SHANKS,EARL.SHANKS@sakilacustomer.org,,,1
60c6050f0eb07c46f4e7bab5,397,1,JIMMY,SCHRADER,JIMMY.SCHRADER@sakilacustomer.org,,,1
60c6050f0eb07c46f4e7bab6,398,1,ANTONIO,MEEK,ANTONIO.MEEK@sakilacustomer.org,,,1
60c6050f0eb07c46f4e7bab7,399,1,DANNY,ISOM,DANNY.ISOM@sakilacustomer.org,,,1
60c6050f0eb07c46f4e7bab8,400,2,BRYAN,HARDISON,BRYAN.HARDISON@sakilacustomer.org,,,1
60c6050f0eb07c46f4e7bab9,401,2,TONY,CARRANZA,TONY.CARRANZA@sakilacustomer.org,,,1
60c6050f0eb07c46f4e7baba,402,1,LUIS,YANEZ,LUIS.YANEZ@sakilacustomer.org,,,1
60c6050f0eb07c46f4e7babb,403,1,MIKE,WAY,MIKE.WAY@sakilacustomer.org,,,1
60c6050f0eb07c46f4e7babc,404,2,STANLEY,SCROGGINS,STANLEY.SCROGGINS@sakilacustomer.org,,,1
60c6050f0eb07c46f4e7babd,405,1,LEONARD,SCHOFIELD,LEONARD.SCHOFIELD@sakilacustomer.org,,,1
60c6050f0eb07c46f4e7babe,406,1,NATHAN,RUNYON,NATHAN.RUNYON@sakilacustomer.org,,,0
60c6050f0eb07c46f4e7babf,407,1,DALE,RATCLIFF,DALE.RATCLIFF@sakilacustomer.org,,,1
60c6050f0eb07c46f4e7bac0,408,1,MANUEL,MURRELL,MANUEL.MURRELL@sakilacustomer.org,,,1
60c6050f0eb07c46f4e7bac1,409,2,RODNEY,MOELLER,RODNEY.MOELLER@sakilacustomer.org,,,1
60c6050f0eb07c46f4e7bac2,410,2,CURTIS,IRBY,CURTIS.IRBY@sakilacustomer.org,,,1
60c6050f0eb07c46f4e7bac3,411,1,NORMAN,CURRIER,NORMAN.CURRIER@sakilacustomer.org,,,1
60c6050f0eb07c46f4e7bac4,412,2,ALLEN,BUTTERFIELD,ALLEN.BUTTERFIELD@sakilacustomer.org,,,1
60c6050f0eb07c46f4e7bac5,413,2,MARVIN,YEE,MARVIN.YEE@sakilacustomer.org,,,1
60c6050f0eb07c46f4e7bac6,414,1,VINCENT,RALSTON,VINCENT.RALSTON@sakilacustomer.org,,,1
60c6050f0eb07c46f4e7bac7,415,1,GLENN,PULLEN,GLENN.PULLEN@sakilacustomer.org,,,1
60c6050f0eb07c46f4e7bac8,416,2,JEFFERY,PINSON,JEFFERY.PINSON@sakilacustomer.org,,,1
60c6050f0eb07c46f4e7bac9,417,1,TRAVIS,ESTEP,TRAVIS.ESTEP@sakilacustomer.org,,,1
60c6050f0eb07c46f4e7baca,418,2,JEFF,EAST,JEFF.EAST@sakilacustomer.org,,,1
60c6050f0eb07c46f4e7bacb,419,1,CHAD,CARBONE,CHAD.CARBONE@sakilacustomer.org,,,1
60c6050f0eb07c46f4e7bacc,420,1,JACOB,LANCE,JACOB.LANCE@sakilacustomer.org,,,1
60c6050f0eb07c46f4e7bacd,421,1,LEE,HAWKS,LEE.HAWKS@sakilacustomer.org,,,1
60c6050f0eb07c46f4e7bace,422,1,MELVIN,ELLINGTON,MELVIN.ELLINGTON@sakilacustomer.org,,,1
60c6050f0eb07c46f4e7bacf,423,2,ALFRED,CASILLAS,ALFRED.CASILLAS@sakilacustomer.org,,,1
60c6050f0eb07c46f4e7bad0,424,2,KYLE,SPURLOCK,KYLE.SPURLOCK@sakilacustomer.org,,,1
60c6050f0eb07c46f4e7bad1,425,2,FRANCIS,SIKES,FRANCIS.SIKES@sakilacustomer.org,,,1
60c6050f0eb07c46f4e7bad2,426,1,BRADLEY,MOTLEY,BRADLEY.MOTLEY@sakilacustomer.org,,,1
60c6050f0eb07c46f4e7bad3,427,2,JESUS,MCCARTNEY,JESUS.MCCARTNEY@sakilacustomer.org,,,1
60c6050f0eb07c46f4e7bad4,428,2,HERBERT,KRUGER,HERBERT.KRUGER@sakilacustomer.org,,,1
60c6050f0eb07c46f4e7bad5,429,2,FREDERICK,ISBELL,FREDERICK.ISBELL@sakilacustomer.org,,,1
60c6050f0eb07c46f4e7bad6,430,1,RAY,HOULE,RAY.HOULE@sakilacustomer.org,,,1
60c6050f0eb07c46f4e7bad7,431,2,JOEL,FRANCISCO,JOEL.FRANCISCO@sakilacustomer.org,,,1
60c6050f0eb07c46f4e7bad8,432,1,EDWIN,BURK,EDWIN.BURK@sakilacustomer.org,,,1
60c6050f0eb07c46f4e7bad9,433,1,DON,BONE,DON.BONE@sakilacustomer.org,,,1
60c6050f0eb07c46f4e7bada,434,1,EDDIE,TOMLIN,EDDIE.TOMLIN@sakilacustomer.org,,,1
60c6050f0eb07c46f4e7badb,435,2,RICKY,SHELBY,RICKY.SHELBY@sakilacustomer.org,,,1
60c6050f0eb07c46f4e7badc,436,1,TROY,QUIGLEY,TROY.QUIGLEY@sakilacustomer.org,,,1
60c6050f0eb07c46f4e7badd,437,2,RANDALL,NEUMANN,RANDALL.NEUMANN@sakilacustomer.org,,,1
60c6050f0eb07c46f4e7bade,438,1,BARRY,LOVELACE,BARRY.LOVELACE@sakilacustomer.org,,,1
60c6050f0eb07c46f4e7badf,439,2,ALEXANDER,FENNELL,ALEXANDER.FENNELL@sakilacustomer.org,,,1
60c6050f0eb07c46f4e7bae0,440,1,BERNARD,COLBY,BERNARD.COLBY@sakilacustomer.org,,,1
60c6050f0eb07c46f4e7bae1,441,1,MARIO,CHEATHAM,MARIO.CHEATHAM@sakilacustomer.org,,,1
60c6050f0eb07c46f4e7bae2,442,1,LEROY,BUSTAMANTE,LEROY.BUSTAMANTE@sakilacustomer.org,,,1
60c6050f0eb07c46f4e7bae3,443,2,FRANCISCO,SKIDMORE,FRANCISCO.SKIDMORE@sakilacustomer.org,,,1
60c6050f0eb07c46f4e7bae4,444,2,MARCUS,HIDALGO,MARCUS.HIDALGO@sakilacustomer.org,,,1
60c6050f0eb07c46f4e7bae5,445,1,MICHEAL,FORMAN,MICHEAL.FORMAN@sakilacustomer.org,,,1
60c6050f0eb07c46f4e7bae6,446,2,THEODORE,CULP,THEODORE.CULP@sakilacustomer.org,,,0
60c6050f0eb07c46f4e7bae7,447,1,CLIFFORD,BOWENS,CLIFFORD.BOWENS@sakilacustomer.org,,,1
60c6050f0eb07c46f4e7bae8,448,1,MIGUEL,BETANCOURT,MIGUEL.BETANCOURT@sakilacustomer.org,,,1
60c6050f0eb07c46f4e7bae9,449,2,OSCAR,AQUINO,OSCAR.AQUINO@sakilacustomer.org,,,1
60c6050f0eb07c46f4e7baea,450,1,JAY,ROBB,JAY.ROBB@sakilacustomer.org,,,1
60c6050f0eb07c46f4e7baeb,451,1,JIM,REA,JIM.REA@sakilacustomer.org,,,1
60c6050f0eb07c46f4e7baec,452,1,TOM,MILNER,TOM.MILNER@sakilacustomer.org,,,1
60c6050f0eb07c46f4e7baed,453,1,CALVIN,MARTEL,CALVIN.MARTEL@sakilacustomer.org,,,1
60c6050f0eb07c46f4e7baee,454,2,ALEX,GRESHAM,ALEX.GRESHAM@sakilacustomer.org,,,1
60c6050f0eb07c46f4e7baef,455,2,JON,WILES,JON.WILES@sakilacustomer.org,,,1
60c6050f0eb07c46f4e7baf0,456,2,RONNIE,RICKETTS,RONNIE.RICKETTS@sakilacustomer.org,,,1
60c6050f0eb07c46f4e7baf1,457,2,BILL,GAVIN,BILL.GAVIN@sakilacustomer.org,,,1
60c6050f0eb07c46f4e7baf2,458,1,LLOYD,DOWD,LLOYD.DOWD@sakilacustomer.org,,,1
60c6050f0eb07c46f4e7baf3,459,1,TOMMY,COLLAZO,TOMMY.COLLAZO@sakilacustomer.org,,,1
60c6050f0eb07c46f4e7baf4,460,1,LEON,BOSTIC,LEON.BOSTIC@sakilacustomer.org,,,1
60c6050f0eb07c46f4e7baf5,461,1,DEREK,BLAKELY,DEREK.BLAKELY@sakilacustomer.org,,,1
60c6050f0eb07c46f4e7baf6,462,2,WARREN,SHERROD,WARREN.SHERROD@sakilacustomer.org,,,1
60c6050f0eb07c46f4e7baf7,463,2,DARRELL,POWER,DARRELL.POWER@sakilacustomer.org,,,1
60c6050f0eb07c46f4e7baf8,464,1,JEROME,KENYON,JEROME.KENYON@sakilacustomer.org,,,1
60c6050f0eb07c46f4e7baf9,465,1,FLOYD,GANDY,FLOYD.GANDY@sakilacustomer.org,,,1
60c6050f0eb07c46f4e7bafa,466,1,LEO,EBERT,LEO.EBERT@sakilacustomer.org,,,1
60c6050f0eb07c46f4e7bafb,467,2,ALVIN,DELOACH,ALVIN.DELOACH@sakilacustomer.org,,,1
60c6050f0eb07c46f4e7bafc,468,1,TIM,CARY,TIM.CARY@sakilacustomer.org,,,1
60c6050f0eb07c46f4e7bafd,469,2,WESLEY,BULL,WESLEY.BULL@sakilacustomer.org,,,1
60c6050f0eb07c46f4e7bafe,470,1,GORDON,ALLARD,GORDON.ALLARD@sakilacustomer.org,,,1
60c6050f0eb07c46f4e7baff,471,1,DEAN,SAUER,DEAN.SAUER@sakilacustomer.org,,,1
60c6050f0eb07c46f4e7bb00,472,1,GREG,ROBINS,GREG.ROBINS@sakilacustomer.org,,,1
60c6050f0eb07c46f4e7bb01,473,2,JORGE,OLIVARES,JORGE.OLIVARES@sakilacustomer.org,,,1
60c6050f0eb07c46f4e7bb02,474,2,DUSTIN,GILLETTE,DUSTIN.GILLETTE@sakilacustomer.org,,,1
60c6050f0eb07c46f4e7bb03,475,2,PEDRO,CHESTNUT,PEDRO.CHESTNUT@sakilacustomer.org,,,1
60c6050f0eb07c46f4e7bb04,476,1,DERRICK,BOURQUE,DERRICK.BOURQUE@sakilacustomer.org,,,1
60c6050f0eb07c46f4e7bb05,477,1,DAN,PAINE,DAN.PAINE@sakilacustomer.org,,,1
60c6050f0eb07c46f4e7bb06,478,1,LEWIS,LYMAN,LEWIS.LYMAN@sakilacustomer.org,,,1
60c6050f0eb07c46f4e7bb07,479,1,ZACHARY,HITE,ZACHARY.HITE@sakilacustomer.org,,,1
60c6050f0eb07c46f4e7bb08,480,1,COREY,HAUSER,COREY.HAUSER@sakilacustomer.org,,,1
60c6050f0eb07c46f4e7bb09,481,1,HERMAN,DEVORE,HERMAN.DEVORE@sakilacustomer.org,,,1
60c6050f0eb07c46f4e7bb0a,482,1,MAURICE,CRAWLEY,MAURICE.CRAWLEY@sakilacustomer.org,,,0
60c6050f0eb07c46f4e7bb0b,483,2,VERNON,CHAPA,VERNON.CHAPA@sakilacustomer.org,,,1
60c6050f0eb07c46f4e7bb0c,484,1,ROBERTO,VU,ROBERTO.VU@sakilacustomer.org,,,1
60c6050f0eb07c46f4e7bb0d,485,1,CLYDE,TOBIAS,CLYDE.TOBIAS@sakilacustomer.org,,,1
60c6050f0eb07c46f4e7bb0e,486,1,GLEN,TALBERT,GLEN.TALBERT@sakilacustomer.org,,,1
60c6050f0eb07c46f4e7bb0f,487,2,HECTOR,POINDEXTER,HECTOR.POINDEXTER@sakilacustomer.org,,,1
60c6050f0eb07c46f4e7bb10,488,2,SHANE,MILLARD,SHANE.MILLARD@sakilacustomer.org,,,1
60c6050f0eb07c46f4e7bb11,489,1,RICARDO,MEADOR,RICARDO.MEADOR@sakilacustomer.org,,,1
60c6050f0eb07c46f4e7bb12,490,1,SAM,MCDUFFIE,SAM.MCDUFFIE@sakilacustomer.org,,,1
60c6050f0eb07c46f4e7bb13,491,2,RICK,MATTOX,RICK.MATTOX@sakilacustomer.org,,,1
60c6050f0eb07c46f4e7bb14,492,2,LESTER,KRAUS,LESTER.KRAUS@sakilacustomer.org,,,1
60c6050f0eb07c46f4e7bb15,493,1,BRENT,HARKINS,BRENT.HARKINS@sakilacustomer.org,,,1
60c6050f0eb07c46f4e7bb16,494,2,RAMON,CHOATE,RAMON.CHOATE@sakilacustomer.org,,,1
60c6050f0eb07c46f4e7bb17,495,2,CHARLIE,BESS,CHARLIE.BESS@sakilacustomer.org,,,1
60c6050f0eb07c46f4e7bb18,496,2,TYLER,WREN,TYLER.WREN@sakilacustomer.org,,,1
60c6050f0eb07c46f4e7bb19,497,2,GILBERT,SLEDGE,GILBERT.SLEDGE@sakilacustomer.org,,,1
60c6050f0eb07c46f4e7bb1a,498,1,GENE,SANBORN,GENE.SANBORN@sakilacustomer.org,,,1
60c6050f0eb07c46f4e7bb1b,499,2,MARC,OUTLAW,MARC.OUTLAW@sakilacustomer.org,,,1
60c6050f0eb07c46f4e7bb1c,500,1,REGINALD,KINDER,REGINALD.KINDER@sakilacustomer.org,,,1
60c6050f0eb07c46f4e7bb1d,501,1,RUBEN,GEARY,RUBEN.GEARY@sakilacustomer.org,,,1
60c6050f0eb07c46f4e7bb1e,502,1,BRETT,CORNWELL,BRETT.CORNWELL@sakilacustomer.org,,,1
60c6050f0eb07c46f4e7bb1f,503,1,ANGEL,BARCLAY,ANGEL.BARCLAY@sakilacustomer.org,,,1
60c6050f0eb07c46f4e7bb20,504,1,NATHANIEL,ADAM,NATHANIEL.ADAM@sakilacustomer.org,,,1
60c6050f0eb07c46f4e7bb21,505,1,RAFAEL,ABNEY,RAFAEL.ABNEY@sakilacustomer.org,,,1
60c6050f0eb07c46f4e7bb22,506,2,LESLIE,SEWARD,LESLIE.SEWARD@sakilacustomer.org,,,1
60c6050f0eb07c46f4e7bb23,507,2,EDGAR,RHOADS,EDGAR.RHOADS@sakilacustomer.org,,,1
60c6050f0eb07c46f4e7bb24,508,2,MILTON,HOWLAND,MILTON.HOWLAND@sakilacustomer.org,,,1
60c6050f0eb07c46f4e7bb25,509,1,RAUL,FORTIER,RAUL.FORTIER@sakilacustomer.org,,,1
60c6050f0eb07c46f4e7bb26,510,2,BEN,EASTER,BEN.EASTER@sakilacustomer.org,,,0
60c6050f0eb07c46f4e7bb27,511,1,CHESTER,BENNER,CHESTER.BENNER@sakilacustomer.org,,,1
60c6050f0eb07c46f4e7bb28,512,1,CECIL,VINES,CECIL.VINES@sakilacustomer.org,,,1
60c6050f0eb07c46f4e7bb29,513,2,DUANE,TUBBS,DUANE.TUBBS@sakilacustomer.org,,,1
60c6050f0eb07c46f4e7bb2a,514,2,FRANKLIN,TROUTMAN,FRANKLIN.TROUTMAN@sakilacustomer.org,,,1
60c6050f0eb07c46f4e7bb2b,515,1,ANDRE,RAPP,ANDRE.RAPP@sakilacustomer.org,,,1
60c6050f0eb07c46f4e7bb2c,516,2,ELMER,NOE,ELMER.NOE@sakilacustomer.org,,,1
60c6050f0eb07c46f4e7bb2d,517,2,BRAD,MCCURDY,BRAD.MCCURDY@sakilacustomer.org,,,1
60c6050f0eb07c46f4e7bb2e,518,1,GABRIEL,HARDER,GABRIEL.HARDER@sakilacustomer.org,,,1
60c6050f0eb07c46f4e7bb2f,519,2,RON,DELUCA,RON.DELUCA@sakilacustomer.org,,,1
60c6050f0eb07c46f4e7bb30,520,2,MITCHELL,WESTMORELAND,MITCHELL.WESTMORELAND@sakilacustomer.org,,,1
60c6050f0eb07c46f4e7bb31,521,2,ROLAND,SOUTH,ROLAND.SOUTH@sakilacustomer.org,,,1
60c6050f0eb07c46f4e7bb32,522,2,ARNOLD,HAVENS,ARNOLD.HAVENS@sakilacustomer.org,,,1
60c6050f0eb07c46f4e7bb33,523,1,HARVEY,GUAJARDO,HARVEY.GUAJARDO@sakilacustomer.org,,,1
60c6050f0eb07c46f4e7bb34,524,1,JARED,ELY,JARED.ELY@sakilacustomer.org,,,1
60c6050f0eb07c46f4e7bb35,525,2,ADRIAN,CLARY,ADRIAN.CLARY@sakilacustomer.org,,,1
60c6050f0eb07c46f4e7bb36,526,2,KARL,SEAL,KARL.SEAL@sakilacustomer.org,,,1
60c6050f0eb07c46f4e7bb37,527,1,CORY,MEEHAN,CORY.MEEHAN@sakilacustomer.org,,,1
60c6050f0eb07c46f4e7bb38,528,1,CLAUDE,HERZOG,CLAUDE.HERZOG@sakilacustomer.org,,,1
60c6050f0eb07c46f4e7bb39,529,2,ERIK,GUILLEN,ERIK.GUILLEN@sakilacustomer.org,,,1
60c6050f0eb07c46f4e7bb3a,530,2,DARRYL,ASHCRAFT,DARRYL.ASHCRAFT@sakilacustomer.org,,,1
60c6050f0eb07c46f4e7bb3b,531,2,JAMIE,WAUGH,JAMIE.WAUGH@sakilacustomer.org,,,1
60c6050f0eb07c46f4e7bb3c,532,2,NEIL,RENNER,NEIL.RENNER@sakilacustomer.org,,,1
60c6050f0eb07c46f4e7bb3d,533,1,JESSIE,MILAM,JESSIE.MILAM@sakilacustomer.org,,,1
60c6050f0eb07c46f4e7bb3e,534,1,CHRISTIAN,JUNG,CHRISTIAN.JUNG@sakilacustomer.org,,,0
60c6050f0eb07c46f4e7bb3f,535,1,JAVIER,ELROD,JAVIER.ELROD@sakilacustomer.org,,,1
60c6050f0eb07c46f4e7bb40,536,2,FERNANDO,CHURCHILL,FERNANDO.CHURCHILL@sakilacustomer.org,,,1
60c6050f0eb07c46f4e7bb41,537,2,CLINTON,BUFORD,CLINTON.BUFORD@sakilacustomer.org,,,1
60c6050f0eb07c46f4e7bb42,538,2,TED,BREAUX,TED.BREAUX@sakilacustomer.org,,,1
60c6050f0eb07c46f4e7bb43,539,1,MATHEW,BOLIN,MATHEW.BOLIN@sakilacustomer.org,,,1
60c6050f0eb07c46f4e7bb44,540,1,TYRONE,ASHER,TYRONE.ASHER@sakilacustomer.org,,,1
60c6050f0eb07c46f4e7bb45,541,2,DARREN,WINDHAM,DARREN.WINDHAM@sakilacustomer.org,,,1
60c6050f0eb07c46f4e7bb46,542,2,LONNIE,TIRADO,LONNIE.TIRADO@sakilacustomer.org,,,1
60c6050f0eb07c46f4e7bb47,543,1,LANCE,PEMBERTON,LANCE.PEMBERTON@sakilacustomer.org,,,1
60c6050f0eb07c46f4e7bb48,544,2,CODY,NOLEN,CODY.NOLEN@sakilacustomer.org,,,1
60c6050f0eb07c46f4e7bb49,545,2,JULIO,NOLAND,JULIO.NOLAND@sakilacustomer.org,,,1
60c6050f0eb07c46f4e7bb4a,546,1,KELLY,KNOTT,KELLY.KNOTT@sakilacustomer.org,,,1
60c6050f0eb07c46f4e7bb4b,547,1,KURT,EMMONS,KURT.EMMONS@sakilacustomer.org,,,1
60c6050f0eb07c46f4e7bb4c,548,1,ALLAN,CORNISH,ALLAN.CORNISH@sakilacustomer.org,,,1
60c6050f0eb07c46f4e7bb4d,549,1,NELSON,CHRISTENSON,NELSON.CHRISTENSON@sakilacustomer.org,,,1
60c6050f0eb07c46f4e7bb4e,550,2,GUY,BROWNLEE,GUY.BROWNLEE@sakilacustomer.org,,,1
60c6050f0eb07c46f4e7bb4f,551,2,CLAYTON,BARBEE,CLAYTON.BARBEE@sakilacustomer.org,,,1
60c6050f0eb07c46f4e7bb50,552,2,HUGH,WALDROP,HUGH.WALDROP@sakilacustomer.org,,,1
60c6050f0eb07c46f4e7bb51,553,1,MAX,PITT,MAX.PITT@sakilacustomer.org,,,1
60c6050f0eb07c46f4e7bb52,554,1,DWAYNE,OLVERA,DWAYNE.OLVERA@sakilacustomer.org,,,1
60c6050f0eb07c46f4e7bb53,555,1,DWIGHT,LOMBARDI,DWIGHT.LOMBARDI@sakilacustomer.org,,,1
60c6050f0eb07c46f4e7bb54,556,2,ARMANDO,GRUBER,ARMANDO.GRUBER@sakilacustomer.org,,,1
60c6050f0eb07c46f4e7bb55,557,1,FELIX,GAFFNEY,FELIX.GAFFNEY@sakilacustomer.org,,,1
60c6050f0eb07c46f4e7bb56,558,1,JIMMIE,EGGLESTON,JIMMIE.EGGLESTON@sakilacustomer.org,,,0
60c6050f0eb07c46f4e7bb57,559,2,EVERETT,BANDA,EVERETT.BANDA@sakilacustomer.org,,,1
60c6050f0eb07c46f4e7bb58,560,1,JORDAN,ARCHULETA,JORDAN.ARCHULETA@sakilacustomer.org,,,1
60c6050f0eb07c46f4e7bb59,561,2,IAN,STILL,IAN.STILL@sakilacustomer.org,,,1
60c6050f0eb07c46f4e7bb5a,562,1,WALLACE,SLONE,WALLACE.SLONE@sakilacustomer.org,,,1
60c6050f0eb07c46f4e7bb5b,563,2,KEN,PREWITT,KEN.PREWITT@sakilacustomer.org,,,1
60c6050f0eb07c46f4e7bb5c,564,2,BOB,PFEIFFER,BOB.PFEIFFER@sakilacustomer.org,,,1
60c6050f0eb07c46f4e7bb5d,565,2,JAIME,NETTLES,JAIME.NETTLES@sakilacustomer.org,,,1
60c6050f0eb07c46f4e7bb5e,566,1,CASEY,MENA,CASEY.MENA@sakilacustomer.org,,,1
60c6050f0eb07c46f4e7bb5f,567,2,ALFREDO,MCADAMS,ALFREDO.MCADAMS@sakilacustomer.org,,,1
60c6050f0eb07c46f4e7bb60,568,2,ALBERTO,HENNING,ALBERTO.HENNING@sakilacustomer.org,,,1
60c6050f0eb07c46f4e7bb61,569,2,DAVE,GARDINER,DAVE.GARDINER@sakilacustomer.org,,,1
60c6050f0eb07c46f4e7bb62,570,2,IVAN,CROMWELL,IVAN.CROMWELL@sakilacustomer.org,,,1
60c6050f0eb07c46f4e7bb63,571,2,JOHNNIE,CHISHOLM,JOHNNIE.CHISHOLM@sakilacustomer.org,,,1
60c6050f0eb07c46f4e7bb64,572,1,SIDNEY,BURLESON,SIDNEY.BURLESON@sakilacustomer.org,,,1
60c6050f0eb07c46f4e7bb65,573,1,BYRON,BOX,BYRON.BOX@sakilacustomer.org,,,1
60c6050f0eb07c46f4e7bb66,574,2,JULIAN,VEST,JULIAN.VEST@sakilacustomer.org,,,1
60c6050f0eb07c46f4e7bb67,575,2,ISAAC,OGLESBY,ISAAC.OGLESBY@sakilacustomer.org,,,1
60c6050f0eb07c46f4e7bb68,576,2,MORRIS,MCCARTER,MORRIS.MCCARTER@sakilacustomer.org,,,1
60c6050f0eb07c46f4e7bb69,577,2,CLIFTON,MALCOLM,CLIFTON.MALCOLM@sakilacustomer.org,,,1
60c6050f0eb07c46f4e7bb6a,578,2,WILLARD,LUMPKIN,WILLARD.LUMPKIN@sakilacustomer.org,,,1
60c6050f0eb07c46f4e7bb6b,579,2,DARYL,LARUE,DARYL.LARUE@sakilacustomer.org,,,1
60c6050f0eb07c46f4e7bb6c,580,1,jingle,GREY,ROSS.GREY@sakilacustomer.org,,,1
60c6050f0eb07c46f4e7bb6d,581,1,VIRGIL,WOFFORD,VIRGIL.WOFFORD@sakilacustomer.org,,,1
60c6050f0eb07c46f4e7bb6e,582,2,ANDY,VANHORN,ANDY.VANHORN@sakilacustomer.org,,,1
60c6050f0eb07c46f4e7bb6f,583,1,MARSHALL,THORN,MARSHALL.THORN@sakilacustomer.org,,,1
60c6050f0eb07c46f4e7bb70,584,2,SALVADOR,TEEL,SALVADOR.TEEL@sakilacustomer.org,,,1
60c6050f0eb07c46f4e7bb71,585,1,PERRY,SWAFFORD,PERRY.SWAFFORD@sakilacustomer.org,,,1
60c6050f0eb07c46f4e7bb72,586,1,KIRK,STCLAIR,KIRK.STCLAIR@sakilacustomer.org,,,1
60c6050f0eb07c46f4e7bb73,587,1,SERGIO,STANFIELD,SERGIO.STANFIELD@sakilacustomer.org,,,1
60c6050f0eb07c46f4e7bb74,588,1,MARION,OCAMPO,MARION.OCAMPO@sakilacustomer.org,,,1
60c6050f0eb07c46f4e7bb75,589,1,TRACY,HERRMANN,TRACY.HERRMANN@sakilacustomer.org,,,1
60c6050f0eb07c46f4e7bb76,590,2,SETH,HANNON,SETH.HANNON@sakilacustomer.org,,,1
60c6050f0eb07c46f4e7bb77,591,1,KENT,ARSENAULT,KENT.ARSENAULT@sakilacustomer.org,,,1
60c6050f0eb07c46f4e7bb78,592,1,TERRANCE,ROUSH,TERRANCE.ROUSH@sakilacustomer.org,,,0
60c6050f0eb07c46f4e7bb79,593,2,RENE,MCALISTER,RENE.MCALISTER@sakilacustomer.org,,,1
60c6050f0eb07c46f4e7bb7a,594,1,EDUARDO,HIATT,EDUARDO.HIATT@sakilacustomer.org,,,1
60c6050f0eb07c46f4e7bb7b,595,1,TERRENCE,GUNDERSON,TERRENCE.GUNDERSON@sakilacustomer.org,,,1
60c6050f0eb07c46f4e7bb7c,596,1,ENRIQUE,FORSYTHE,ENRIQUE.FORSYTHE@sakilacustomer.org,,,1
60c6050f0eb07c46f4e7bb7d,597,1,FREDDIE,DUGGAN,FREDDIE.DUGGAN@sakilacustomer.org,,,1
60c6050f0eb07c46f4e7bb7e,598,1,WADE,DELVALLE,WADE.DELVALLE@sakilacustomer.org,,,1
60c6050f0eb07c46f4e7bb7f,599,2,AUSTIN,CINTRON,AUSTIN.CINTRON@sakilacustomer.org,,,1
